"Sample_id","X23S1_SNP","X23S3_SNP","GYRA_SNP","PARC_SNP"
"100_S100_L001_R","*","*","S81L","S79F"
"10_S10_L001_R","*","*","*","*"
"11_S11_L001_R","*","*","*","*"
"12_S12_L001_R","*","*","*","*"
"13_S13_L001_R","*","*","*","*"
"14_S14_L001_R","*","*","*","*"
"15_S15_L001_R","*","*","*","*"
"16_S16_L001_R","*","*","*","*"
"17_S17_L001_R","*","*","*","*"
"18_S18_L001_R","*","*","*","*"
"19_S19_L001_R","*","*","*","*"
"20_S20_L001_R","*","*","*","*"
"21_S21_L001_R","*","*","*","*"
"22_S22_L001_R","*","*","*","*"
"23_S23_L001_R","*","*","*","*"
"24_S24_L001_R","*","*","*","S79F"
"25_S25_L001_R","*","*","*","*"
"26_S26_L001_R","*","*","*","*"
"27_S27_L001_R","*","*","*","*"
"28_S28_L001_R","*","*","*","*"
"29_S29_L001_R","*","*","*","*"
"2_S2_L001_R","*","*","*","*"
"30_S30_L001_R","*","*","*","*"
"31_S31_L001_R","*","*","*","*"
"33_S33_L001_R","*","*","*","*"
"34_S34_L001_R","*","*","*","*"
"35_S35_L001_R","A29G","C4T,C55T","*","*"
"36_S36_L001_R","*","*","*","*"
"37_S37_L001_R","*","*","*","*"
"38_S38_L001_R","*","*","*","*"
"39_S39_L001_R","*","*","*","*"
"3_S3_L001_R","*","*","*","*"
"40_S40_L001_R","*","*","*","*"
"41_S41_L001_R","*","*","*","*"
"43_S43_L001_R","*","*","*","*"
"44_S44_L001_R","*","*","*","*"
"45_S45_L001_R","*","*","*","*"
"46_S46_L001_R","*","*","*","*"
"47_S47_L001_R","*","*","*","*"
"48_S48_L001_R","*","*","*","*"
"4_S4_L001_R","*","*","*","*"
"50_S50_L001_R","*","*","*","*"
"51_S51_L001_R","*","*","*","*"
"52_S52_L001_R","*","*","*","*"
"53_S53_L001_R","*","*","*","*"
"54_S54_L001_R","*","*","*","*"
"55_S55_L001_R","*","*","*","*"
"56_S56_L001_R","*","*","*","*"
"57_S57_L001_R","*","*","*","*"
"58_S58_L001_R","*","*","*","*"
"59_S59_L001_R","*","*","*","*"
"5_S5_L001_R","*","*","*","*"
"61_S61_L001_R","*","*","*","*"
"62_S62_L001_R","*","*","*","*"
"63_S63_L001_R","*","*","*","*"
"64_S64_L001_R","*","*","*","*"
"65_S65_L001_R","*","*","*","*"
"66_S66_L001_R","*","*","*","*"
"67_S67_L001_R","*","*","*","*"
"69_S69_L001_R","*","*","*","*"
"6_S6_L001_R","*","*","*","*"
"70_S70_L001_R","*","*","*","*"
"72_S72_L001_R","*","*","*","*"
"73_S73_L001_R","*","*","*","*"
"74_S74_L001_R","*","*","*","*"
"76_S76_L001_R","*","*","S81L","S79F"
"77_S77_L001_R","*","*","*","*"
"79_S79_L001_R","*","*","*","*"
"7_S7_L001_R","*","*","*","*"
"80_S80_L001_R","*","*","*","*"
"82_S82_L001_R","*","*","*","*"
"83_S83_L001_R","*","*","*","*"
"84_S84_L001_R","*","*","*","*"
"85_S85_L001_R","*","*","*","*"
"86_S86_L001_R","*","*","*","*"
"87_S87_L001_R","*","*","*","*"
"88_S88_L001_R","*","*","*","*"
"89_S89_L001_R","*","*","*","*"
"8_S8_L001_R","*","*","*","*"
"90_S90_L001_R","*","*","*","*"
"91_S91_L001_R","*","*","*","*"
"92_S92_L001_R","*","*","*","*"
"95_S95_L001_R","*","*","*","*"
"97_S97_L001_R","*","*","*","*"
"98_S98_L001_R","*","*","*","*"
"99_S99_L001_R","*","*","*","*"
"9_S9_L001_R","*","*","*","*"
"93_S93_L001_R","*","*","*","*"
